{
    "pos_acc": 0.8431340335609916,
    "morph_acc": 0.7492303947380402,
    "tag_acc": 0.8333025625745354,
    "dep_uas": 0.845804453569035,
    "dep_las": 0.5542703847246225
}