{
  "token_acc":0.9939086294,
  "token_p":0.984863774,
  "token_r":0.9653808111,
  "token_f":0.975024975,
  "tag_acc":0.0251382604,
  "pos_acc":0.267471091,
  "morph_acc":0.3006535948,
  "morph_micro_p":null,
  "morph_micro_r":null,
  "morph_micro_f":null,
  "morph_per_feat":null,
  "sents_p":0.9583333333,
  "sents_r":0.9787234043,
  "sents_f":0.9684210526,
  "dep_uas":0.2420382166,
  "dep_las":0.0405327157,
  "dep_las_per_type":{
    "vocative":{
      "p":0.0,
      "r":0.0,
      "f":0.0
    },
    "advmod":{
      "p":0.0172413793,
      "r":0.0208333333,
      "f":0.0188679245
    },
    "mark":{
      "p":0.0,
      "r":0.0,
      "f":0.0
    },
    "nsubj":{
      "p":0.0,
      "r":0.0,
      "f":0.0
    },
    "root":{
      "p":0.21875,
      "r":0.2234042553,
      "f":0.2210526316
    },
    "case":{
      "p":0.4,
      "r":0.0344827586,
      "f":0.0634920635
    },
    "obl":{
      "p":0.0,
      "r":0.0,
      "f":0.0
    },
    "nmod":{
      "p":0.2,
      "r":0.010989011,
      "f":0.0208333333
    },
    "parataxis":{
      "p":0.0,
      "r":0.0,
      "f":0.0
    },
    "obj":{
      "p":0.0161290323,
      "r":0.0545454545,
      "f":0.0248962656
    },
    "ccomp":{
      "p":0.0,
      "r":0.0,
      "f":0.0
    },
    "det":{
      "p":0.0,
      "r":0.0,
      "f":0.0
    },
    "appos":{
      "p":0.0,
      "r":0.0,
      "f":0.0
    },
    "conj":{
      "p":0.0,
      "r":0.0,
      "f":0.0
    },
    "amod":{
      "p":0.0,
      "r":0.0,
      "f":0.0
    },
    "discourse":{
      "p":0.0,
      "r":0.0,
      "f":0.0
    },
    "compound":{
      "p":0.0,
      "r":0.0,
      "f":0.0
    },
    "advcl":{
      "p":0.0,
      "r":0.0,
      "f":0.0
    },
    "cc":{
      "p":0.0,
      "r":0.0,
      "f":0.0
    },
    "flat":{
      "p":0.0405405405,
      "r":0.5,
      "f":0.075
    },
    "cop":{
      "p":0.0,
      "r":0.0,
      "f":0.0
    },
    "nummod":{
      "p":0.0,
      "r":0.0,
      "f":0.0
    },
    "fixed":{
      "p":0.0,
      "r":0.0,
      "f":0.0
    },
    "xcomp":{
      "p":0.0,
      "r":0.0,
      "f":0.0
    },
    "acl":{
      "p":0.0,
      "r":0.0,
      "f":0.0
    },
    "csubj":{
      "p":0.0,
      "r":0.0,
      "f":0.0
    }
  },
  "speed":21688.8904815917
}