{
    "pos_acc": 0.8192633128789097,
    "morph_acc": 0.9950320384893276,
    "tag_acc": 0.810417764095002,
    "dep_uas": 0.6674033758118652,
    "dep_las": 0.4089030739533433
}