{
  "token_acc":0.9923352069,
  "token_p":0.9847870183,
  "token_r":0.9604352127,
  "token_f":0.972458688,
  "tag_acc":0.0,
  "pos_acc":0.3329969728,
  "morph_acc":0.2754793138,
  "morph_micro_p":null,
  "morph_micro_r":null,
  "morph_micro_f":null,
  "morph_per_feat":null,
  "sents_p":0.9183673469,
  "sents_r":0.9574468085,
  "sents_f":0.9375,
  "dep_uas":0.2787456446,
  "dep_las":0.0847851336,
  "dep_las_per_type":{
    "vocative":{
      "p":0.0,
      "r":0.0,
      "f":0.0
    },
    "advmod":{
      "p":0.0,
      "r":0.0,
      "f":0.0
    },
    "mark":{
      "p":0.0,
      "r":0.0,
      "f":0.0
    },
    "nsubj":{
      "p":0.0108695652,
      "r":0.010989011,
      "f":0.0109289617
    },
    "root":{
      "p":0.1855670103,
      "r":0.1914893617,
      "f":0.1884816754
    },
    "case":{
      "p":0.6226415094,
      "r":0.1896551724,
      "f":0.2907488987
    },
    "obl":{
      "p":0.0,
      "r":0.0,
      "f":0.0
    },
    "nmod":{
      "p":0.1756756757,
      "r":0.1428571429,
      "f":0.1575757576
    },
    "parataxis":{
      "p":0.5,
      "r":0.0909090909,
      "f":0.1538461538
    },
    "obj":{
      "p":0.0238095238,
      "r":0.0363636364,
      "f":0.0287769784
    },
    "acl":{
      "p":0.3333333333,
      "r":0.0476190476,
      "f":0.0833333333
    },
    "det":{
      "p":0.0,
      "r":0.0,
      "f":0.0
    },
    "flat":{
      "p":0.0476190476,
      "r":0.6666666667,
      "f":0.0888888889
    },
    "discourse":{
      "p":0.0,
      "r":0.0,
      "f":0.0
    },
    "advcl":{
      "p":0.0,
      "r":0.0,
      "f":0.0
    },
    "amod":{
      "p":0.0,
      "r":0.0,
      "f":0.0
    },
    "conj":{
      "p":0.0,
      "r":0.0,
      "f":0.0
    },
    "cc":{
      "p":0.0,
      "r":0.0,
      "f":0.0
    },
    "dep":{
      "p":0.0,
      "r":0.0,
      "f":0.0
    },
    "expl":{
      "p":0.0,
      "r":0.0,
      "f":0.0
    },
    "nummod":{
      "p":0.0,
      "r":0.0,
      "f":0.0
    },
    "fixed":{
      "p":0.0,
      "r":0.0,
      "f":0.0
    },
    "expl:poss":{
      "p":0.0,
      "r":0.0,
      "f":0.0
    },
    "goeswith":{
      "p":0.0,
      "r":0.0,
      "f":0.0
    },
    "xcomp":{
      "p":0.0,
      "r":0.0,
      "f":0.0
    },
    "compound":{
      "p":0.0,
      "r":0.0,
      "f":0.0
    },
    "aux":{
      "p":0.0,
      "r":0.0,
      "f":0.0
    },
    "cop":{
      "p":0.0,
      "r":0.0,
      "f":0.0
    },
    "ccomp":{
      "p":0.0,
      "r":0.0,
      "f":0.0
    },
    "iobj":{
      "p":0.0,
      "r":0.0,
      "f":0.0
    },
    "appos":{
      "p":0.0,
      "r":0.0,
      "f":0.0
    },
    "expl:pv":{
      "p":0.0,
      "r":0.0,
      "f":0.0
    },
    "obl:pmod":{
      "p":0.0,
      "r":0.0,
      "f":0.0
    }
  },
  "speed":22429.1451243525
}